video_url,user_url,username,title,view_num,created_at,shortdesc,collected_at
/watch?v=RtWgbht6qe8&pp=ygUHZnVqaXNhbg%3D%3D,/@TheJazzHopCafe,The Jazz Hop CafÃ©,fujisan. ğŸ—» japan lofi vibes,740K,1 year,chill vibes for the long road to mount fuji. 00:00 Tophat Panda - Divine Soul 04:01 greenface - Breath of Life 06:24 Yoann GarelÂ ...,2024-01-26 21:44:52.988691
/watch?v=6mrkiWePsQw&pp=ygUHZnVqaXNhbg%3D%3D,/@cyprien,Cyprien,Fujisan (short film),1.9M,1 year,"Please look at the BTS : https://www.youtube.com/watch?v=Nwt9shO0aXk
To see the first part, Minori : https://www.youtube.com ...",2024-01-26 21:44:53.003369
/watch?v=QZQaO3VNL3o&pp=ygUHZnVqaXNhbg%3D%3D,/@japanguide,japan-guide.com,Top 5 Things to do Around Fuji | japan-guide.com,891K,6 years,- Video Credits - Videographer & Narrator: Andrew Marston Producer: Stefan Schauwecker Intro Music: Tony Uhm.,2024-01-26 21:44:53.024417
/watch?v=hMdaEJo2wLQ&pp=ygUHZnVqaXNhbg%3D%3D,/@showka7785,Showka,ã€å¯Œå£«å±±ã€‘ãµã˜ã•ã‚“ï¼ŠFujisan ï¼ŠMount Fujiï¼ŠJapanese songï¼Š,15K,4 years,"I'm not good at English, so I can't translate well. I hope this helps your imagination of this song. Mount Fuji Put the head over theÂ ...",2024-01-26 21:44:53.037211
/watch?v=qyhbqYY7W6A&pp=ygUHZnVqaXNhbg%3D%3D,/@UNESCO,UNESCO,"Fujisan, sacred place and source of artistic inspiration (Japan) / TBS",403,11 months,"The beauty of the solitary, often snow-capped, stratovolcano, known around the world as Mount Fuji, rising above villages andÂ ...",2024-01-26 21:44:53.039264
/watch?v=KIri-Vqo2Ds&pp=ygUHZnVqaXNhbg%3D%3D,/channel/UCkGOJOmBDZlxptHmaO-NP5Q,HatoBito,HatoBito - Fuji-San [ Official MV ],395K,7 months,HatoBito - Fuji-San : : CEO & HatoBito Producer - Patara Vijjupanont HatoBito Executive Producer - Kanyanan SirichawarojkulÂ ...,2024-01-26 21:44:53.045902
/watch?v=Qx_8O30pRoQ&pp=ygUHZnVqaXNhbg%3D%3D,/@SamandVictor,Sam and Victor,a day trip around mount fuji ğŸ—»,186K,2 months,"exploring the lesser known side of mt.fuji at fujinomiya, shizuoka! å¯Œå£«å®®å¸‚ please turn on subtitles/subtÃ­tulos/å­—å¹•/Â ...",2024-01-26 21:44:53.052362
/watch?v=jSSSKYYsyxw&pp=ygUHZnVqaXNhbg%3D%3D,/@JeppPadilla,Jepp Padilla,Trip To Fuji: Finding Naruto,19,1 day,The skies were clear and the weather was perfect. Fujisan showed me all of her beauty on my last day there. I decided to climbÂ ...,2024-01-26 21:44:53.061842
/watch?v=OhxswpJl9OI&pp=ygUHZnVqaXNhbg%3D%3D,/@butories8280,Butories,Hello Fujisan~ | Japan 2024 ğŸ‡¯ğŸ‡µ ep.1,11K,10 days,à¸ªà¸§à¸±à¸ªà¸”à¸µà¸„à¹ˆà¸² Japan 2024 à¹€à¸›à¹‡à¸™à¸à¸²à¸£à¹„à¸›à¹€à¸—à¸µà¹ˆà¸¢à¸§à¸à¸µà¹ˆà¸›à¸¸à¹ˆà¸™à¸Šà¹ˆà¸§à¸‡à¸›à¸µà¹ƒà¸«à¸¡à¹ˆà¸‚à¸­à¸‡à¸„à¸£à¸­à¸šà¸„à¸£à¸±à¸§à¹€à¸£à¸² 5 à¸„à¸™ ep.1 à¸„à¸¥à¸´à¸›à¸™à¸µà¹‰à¸ˆà¸°à¸à¸²à¸—à¸¸à¸à¸„à¸™à¹„à¸›à¹€à¸—à¸µà¹ˆà¸¢à¸§à¸Ÿà¸¹à¸ˆà¸´à¸‹à¸±à¸‡à¸—à¸µà¹ˆà¸ˆà¸±à¸‡à¸«à¸§à¸±à¸” yamanashiÂ ...,2024-01-26 21:44:53.063526
/watch?v=0Sb5ZoScl0k&pp=ygUHZnVqaXNhbg%3D%3D,/@jtcmawlamyine5595,JTC Mawlamyine,Mount Fuji ã€Fujisanã€‘á€–á€°á€‚á€»á€®á€á€±á€¬á€„á€ºá€¡á€€á€¼á€±á€¬á€„á€ºá€¸á‹,10K,2 years,Mountain Fuji ã€Fujisanã€‘á€–á€°á€‚á€»á€®á€á€±á€¬á€„á€ºá€¡á€€á€¼á€±á€¬á€„á€ºá€¸á‹ á€¡á€›á€™á€ºá€¸á€œá€¾á€á€²á€·Â ...,2024-01-26 21:44:53.066487
/watch?v=8VVDXlsM8tU&pp=ygUHZnVqaXNhbg%3D%3D,/@tanyanyanya,tanyanyanya,"JAPAN VLOG ğŸ—» gorgeous views of Fujisan, Tokyo streets, strawberry sandwich, etc",367,7 months,I've never seen anything more beautiful. Etsy - https://www.etsy.com/shop/tttartshop.,2024-01-26 21:44:53.077278
/watch?v=sILzWlqMvEk&pp=ygUHZnVqaXNhbg%3D%3D,/@lofieveryday364,Lofi Everyday ,Fujisan. ğŸ—» Japanese Lofi Vibes [ chill lo-fi hip hop beats ],2.9K,Streamed 8 months,"#lofi #lofieveryday #lofihiphop Fujisan. Japanese Lofi Vibes [ chill lo-fi hip hop beats ] Hello everyone. So, I choose the best lofiÂ ...",2024-01-26 21:44:53.080222
/watch?v=xhdbST-TsU8&pp=ygUHZnVqaXNhbg%3D%3D,/@JapanTraveler0000,Japan Traveler Tetsu,Riding Japan's Amazing Luxurious Express Train / Fujisan View Express,2.7K,1 year,"I rode the sweets plan of the tourist train ""Fujisan View Express"" where you can see Mt.Fuji. It is a short train journey of about 1Â ...",2024-01-26 21:44:53.082973
/watch?v=cooYDDSo8iA&pp=ygUHZnVqaXNhbg%3D%3D,/@TokyoStreetView,TokyoStreetView - Japan The Beautiful,Fujisan Kaizan climbing ceremony - Murayamasengen Shrine - Shizuoka 4K,3.6K,2 years,"Every year, around Mt Fuji, shrines celebrate the beginning of the Mt Fuji climbing route season. Mt. Fuji is both a majestic naturalÂ ...",2024-01-26 21:44:53.092146
/watch?v=4AncXONdJEs&pp=ygUHZnVqaXNhbg%3D%3D,/@namasteworld3919,Namaste World,Fly over Mount Fuji å¯Œå£«å±±. Mount Fuji summit view. Fujisan Japan.,370,1 year,"Fly over Mount Fuji å¯Œå£«å±±. Mount Fuji summit view. Fujisan Japan. Mount Fuji å¯Œå£«å±± Fujisan, Fugaku, located on the island ofÂ ...",2024-01-26 21:44:53.094383
/watch?v=99328onZF9E&pp=ygUHZnVqaXNhbg%3D%3D,/@GoAloneAround,Go Alone Around,Fujisan Roadtrip : Japan | Go Alone Around,118,1 day,Fujisan Roadtrip à¸‚à¸±à¸šà¸£à¸–à¸«à¸²à¸¡à¸¸à¸¡à¸–à¹ˆà¸²à¸¢à¸£à¸¹à¸›à¸ à¸¹à¹€à¸‚à¸²à¹„à¸Ÿà¸Ÿà¸¹à¸ˆà¸´à¹à¸šà¸šà¸£à¸­à¸šà¸—à¸´à¸¨à¸—à¸²à¸‡ à¸ˆà¸°à¸ªà¸¡à¸«à¸§à¸±à¸‡à¸”à¸±à¸‡à¹ƒà¸ˆ à¸«à¸£à¸·à¸­à¸•à¹‰à¸­à¸‡à¸à¸¥à¸±à¸šà¸¡à¸²à¹à¸à¹‰à¸¡à¸·à¸­à¹ƒà¸«à¸¡à¹ˆ à¸•à¸²à¸¡à¹„à¸›à¸”à¸¹à¸à¸£à¹‰à¸­à¸¡à¸à¸±à¸™à¹ƒà¸™à¸„à¸¥à¸´à¸›à¸™à¸µà¹‰à¹€à¸¥à¸¢Â ...,2024-01-26 21:44:53.096162
/watch?v=Nwt9shO0aXk&pp=ygUHZnVqaXNhbg%3D%3D,/@cyprien,Cyprien,Vous n'avez pas vu Ã§a (making of Fujisan),1.5M,1 year,Image Japon : Christophe Barachet Image Paris : David Montage : Edmond NoÃ«l Mix son : ClÃ©ment Maurin Ã‰talonnage : FlorianÂ ...,2024-01-26 21:44:59.973761
/watch?v=t7YnQgPEo7w&pp=ygUHZnVqaXNhbg%3D%3D,/@JanandAnn,Jan and Ann,"THIS is what MT. FUJI, JAPAN is like! ğŸ‡¯ğŸ‡µ Itâ€™s so BEAUTIFUL here!",192K,1 year,Today we explore MOUNT FUJI and the fairytale-like town they call Fujikawaguchiko! This place was UNREAL! Rent your vanÂ ...,2024-01-26 21:44:59.975685
/watch?v=YZi9etGQhPo&pp=ygUHZnVqaXNhbg%3D%3D,/channel/UCKt5j-sogICwvkNsFAGze-g,Guillaume Ferran,Guillaume Ferran - Fujisan (Original Soundtrack),13K,1 year,â†“TRACKLISTâ†“ 1. Adriensan : 00:00 2. Fujisan : 01:03 3. Furansu : 03:22 4. Minori in Paris : 05:31 5. Tanuki : 07:04 6. KitsuneÂ ...,2024-01-26 21:44:59.977888
/watch?v=GMP5ltOesgs&pp=ygUHZnVqaXNhbg%3D%3D,/@ChaseforAdventure,Chase for Adventure,Climbing Mt Fuji PART TWO: The Altitude Sickness Begins & Fujisan Hotel!,9.4K,5 years,"Climbing Mount Fuji, as we said in the last video, is far from easy. In this video Daniel gets super bad altitude sickness climbing upÂ ...",2024-01-26 21:44:59.979445
/watch?v=vLzGFwTqiT0&pp=ygUHZnVqaXNhbg%3D%3D,/@SeniorWanderer,Senior Wanderer,"Trip to Japan 2023, EP02 - Fujisan Herb Garden",1.2K,8 months,Walked from Lake Kawaguchi to Fujisan Herb Garden.,2024-01-26 21:44:59.981085
/watch?v=GeD_Uf4Lvt0&pp=ygUHZnVqaXNhbg%3D%3D,/@SacredSiteJP,é–‹é‹ãƒ‘ãƒ¯ãƒ¼ã‚¹ãƒãƒƒãƒˆJP,ã€å‚æ‹å‹•ç”»ã€‘å¯Œå£«å±±æœ¬å®®æµ…é–“å¤§ç¤¾ (é™å²¡çœŒå¯Œå£«å®®å¸‚)  Fujisan HongÅ« Sengen Taisha (Shizuoka Fujinomiya-city)ã€ãƒ‘ãƒ¯ãƒ¼ã‚¹ãƒãƒƒãƒˆã€‘ã€4Kã€‘,22,3 days,ãƒ‘ãƒ¯ãƒ¼ã‚¹ãƒãƒƒãƒˆ #å‚æ‹ #é–‹é‹ ãƒãƒ£ãƒ³ãƒãƒ«ä¸»ãŒã”ç¸ã‚’æŒã¡ã€ã‚¨ãƒãƒ«ã‚®ãƒ¼ã‚’æ„Ÿã˜ã‚‰ã‚ŒãŸãƒ‘ãƒ¯ãƒ¼ã‚¹ãƒãƒƒãƒˆã‚’ç´¹ä»‹ã—ã¦ã„ã¾ã™ã€‚ å¯Œå£«å±±æœ¬å®®Â ...,2024-01-26 21:44:59.982308
/watch?v=8APQk-7swGs&pp=ygUHZnVqaXNhbg%3D%3D,/@karnsupasri,karn,fujisan,10,7 hours,"ohayo fujisan places, *0221 = 02.21 (time of each places) 0221 -fujisan yumeno ohashi 0252 -obuchi sasaba 0325 -mt. fuji worldÂ ...",2024-01-26 21:44:59.983773
/watch?v=5tzJMfSS854&pp=ygUHZnVqaXNhbg%3D%3D,/@Planetyze,Planetyze - Japan Best Spots Travel Guide,"Fujisan World Heritage Center,Yamanashi | Japan Travel Guide",1.8K,6 years,"Description â€”â€”â€”â€”â€”â€”â€”â€”â€”â€”â€”â€”â€”â€”â€”â€”â€”â€”â€”â€”â€”â€”â€”â€” A facility where you can learn about the nature, culture andÂ ...",2024-01-26 21:44:59.987052
/watch?v=6qSZtjgle8U&pp=ygUHZnVqaXNhbg%3D%3D,/@PlacesWeGoExploring,Places WeGo Exploring,"ğŸ‡¯ğŸ‡µJapanğŸ‡¯ğŸ‡µ Hotels We Stayed - Mount Fuji Hut Stay - Fujisan Hotel - Hut Museum, Japan!",339,4 years,It is also called Hut Museum. An expensive place but a must resting place where the couple of hours rest is needed before theÂ ...,2024-01-26 21:44:59.988230
/shorts/6fRfL__vM10,/@hikENShootJapan,hikENShoot,Goods and Bads of Hiking Mt.Fuji in the off-season #japan,30K,8 months,fuji #mountfuji #fujisan #å¯Œå£«å±± #japan #hikinginjapan #hiking #hikingadventures #hiker #travel #traveling #traveljapan GoodsÂ ...,2024-01-26 21:44:59.989478
/watch?v=v0Qge6DwAHw&pp=ygUHZnVqaXNhbg%3D%3D,/@bakestreetcom,Bake-Street,Pan Fujisan - Fujisan Bread,38K,5 years,"Aprende a elaborar el tradicional Pan Fujisan. Este pan podemos encontrarlo bajo el nombre de Fujisan Bread (å¯Œå£«å±±é¢åŒ…),Â ...",2024-01-26 21:44:59.991706
/watch?v=_2bb8E9D5Ww&pp=ygUHZnVqaXNhbg%3D%3D,/@tokyolivinglife,tokyo living life,CRATER OF MOUNT FUJI | FUJISAN | å¯Œå£«å±± |TOKYOLIVINGLIFE,58,2 years,"Climbing Mount Fuji (3776 meters), Japan's highest and most prominent mountain, can make for lifelong memories. When to climbÂ ...",2024-01-26 21:44:59.992848
/watch?v=MWSWFQDYBNI&pp=ygUHZnVqaXNhbg%3D%3D,/@BigDaddysWorld,BigDaddysWorld,Samâ€™s Club Sushi Review | FUJISAN Sushi Spicy California Roll,4.7K,2 years,Sam's Club Sushi Review | FUJISAN Sushi Spicy California Roll Subscribe to our channel for more fast food reviews:Â ...,2024-01-26 21:44:59.995726
/watch?v=4T-J3mkXTZI&pp=ygUHZnVqaXNhbg%3D%3D,/@kalap9468,Kala P,Fujisan Bread,212,1 year,"How to make Fujisan Bread, a sweet Japanese milk bread. This laminated bread is like a croissant and a brioche got together andÂ ...",2024-01-26 21:45:09.607699
/watch?v=ArEOz7r4W14&pp=ygUHZnVqaXNhbg%3D%3D,/@aizacinfo,FIRST FUJISAN FLL,FLL 2016 Animal Allies 338 points FIRST FUJISAN ROAR Japan,6.7K,6 years,FLL Open European Championship 2017 Aarhus Robot Strategy & Innovation Award 1st placeï¼ Robot Game 341 points (9thÂ ...,2024-01-26 21:45:09.612845
/watch?v=rUS17rwSEhc&pp=ygUHZnVqaXNhbg%3D%3D,/@reftandlight3,reftandlight3,Bob McGrath - Fujisan 1966,4.3K,11 years,"Haru-san hajimete Haru-san koishita Shiawase-ne, shiawase-ne, Fujisan Natsu-san makka-na Natsu-san taiyo-o Moeteta-ne,Â ...",2024-01-26 21:45:09.617802
/watch?v=7zdkLSPSwZc&pp=ygUHZnVqaXNhbg%3D%3D,/@DashcamRoadshow,Dashcam Roadshow,4K Mt. FUJI Scenic Drive Fuji City to Fujinomiya City [Remake] å¯Œå£«è¦‹å¤§é€šã‚Šâ†’å¯Œå£«å®®å¸‚,47K,1 year,"4K drive from Fuji city to Fujinomiya city, Shizuoka Prefecture Japan. The drive starts in central Fuji city and heads to 3776m highÂ ...",2024-01-26 21:45:09.626757
/watch?v=JprntCioD7c&pp=ygUHZnVqaXNhbg%3D%3D,/@travelbook4212,Travel Book,"Fujisan Station Hotel, Fujiyoshida, Japan",172,9 months,"Fujisan Station Hotel, Fujiyoshida, Japan About Property: Open from April 2015, this hotel features comfortable guest rooms andÂ ...",2024-01-26 21:45:09.629050
/watch?v=evtjt8iEoWk&pp=ygUHZnVqaXNhbg%3D%3D,/@anyou.u5538,Anyou.u,"[4K][Fancam] HatoBito Smild - Fujisan   @Back In The Day, Donki Mall Thonglor, Bangkok, 240114",102,11 days,"[4K][Fancam] HatoBito Smild - Fujisan @Back In The Day, Donki Mall Thonglor, Bangkok, 240114 #smildhatobito #HatoBitoÂ ...",2024-01-26 21:45:09.631404
/watch?v=49xh93geYTQ&pp=ygUHZnVqaXNhbg%3D%3D,/@pambaker7051,Pam Baker,Stater Bros. Markets -FujiSan,292,4 years,My name is Keith Maia I'm the vice president of Fujisan Fujisan is a fresh sushi supplier to stater brothers because our sushi sellsÂ ...,2024-01-26 21:45:09.635177
/watch?v=8ljoZ4Ync9U&pp=ygUHZnVqaXNhbg%3D%3D,/@JaponHoyTV,JapÃ³n Hoy TV,RESTAURANTE FUJISAN (02) JAVIER TAKAYAMA  /  JAPON HOY TV,26,2 years,"RESTAURANTE FUJISAN (02) por Javier Takayama . En su participaciÃ³n en JAPON HOY, Javier Takayama nos hablÃ³ sobre elÂ ...",2024-01-26 21:45:09.638094
/watch?v=b1pU9cjglNs&pp=ygUHZnVqaXNhbg%3D%3D,/@YaWenAk,Ya Wen Ak,Yoshida Trail of Mt. Fuji #shorts #MtFuji #FujiSan,2K,2 years,Ascending to Yoshida Trail of Mt. Fuji #shorts #MtFuji #FujiSan.,2024-01-26 21:45:09.640314
/watch?v=rVg4GT_g3jY&pp=ygUHZnVqaXNhbg%3D%3D,/@RoYuMi,RoYuMi - Vive JapÃ³n,What is the Fujisan or Mount Fuji in JAPAN | Culture in Short,5.2K,2 years,"The Fujisan, the majestic witness and actor of Japan's life and culture, has inspired artists, writers and filmmakers, besides ...",2024-01-26 21:45:09.646498
/watch?v=BmPbhJEZFXE&pp=ygUHZnVqaXNhbg%3D%3D,/@letsgooutdoors2563,let's go outdoors,"Mount Fuji (å¯Œå£«å±±, Fujisan) - Yoshida Trail - Fuji Sengen Shrine âˆ† hiking trails âˆ† 3d-trail.com/japan/",276,2 years,"more information on https://www.3d-trail.com/3d-trails/ #3Dletsgooutdoors #3Dnature #3Dtrail Distance 27,3 km / Duration 11:05 hÂ ...",2024-01-26 21:45:09.649387
/watch?v=M0DwVAzh1PQ&pp=ygUHZnVqaXNhbg%3D%3D,/@ProducerWannabe,Producer Wannabe,My First Commercial ProjectğŸ˜† (Fujisan Sushi at Sam's Club),1K,2 years,#producerwannabe.,2024-01-26 21:45:09.652237
/watch?v=8d9T9uMWZy4&pp=ygUHZnVqaXNhbg%3D%3D,/@scroolflux,Filipino BlockBusters,Fujisan Cracker Nuts TVC (1992),6.9K,4 years,An all time favorite cracker nuts with a distinct rivalry with nagaraya.,2024-01-26 21:45:09.657125
/watch?v=3AgRLOd-3v4&pp=ygUHZnVqaXNhbg%3D%3D,/@japanesecultureexplanation,Japanese_Culture_Explanation,FUJISAN,24,8 months,Fuji is an active volcano located in Japan and is the highest mountain in Japan. Fuji is a symbolic mountain of Japan withÂ ...,2024-01-26 21:45:17.355603
/watch?v=d59ffd5mYH8&pp=ygUHZnVqaXNhbg%3D%3D,/@aizacinfo,FIRST FUJISAN FLL,"FLL 2020 RePLAY 565 points, FIRST FUJISAN, VOI 2021 Champion (final version)",2.2K,2 years,"Hello! We are FIRST FUJISAN from Japan. We got the Champion's award 1st place at the Virtual Open Invitational (VOI) 2021,Â ...",2024-01-26 21:45:17.359185
/shorts/U0FpljgLacE,/@scienceandtechnlogy,Science And Technology,ğŸ‡¯ğŸ‡µBeautiful MounT FuJiğŸ”¥ #shorts #mountfuji #japan #fujisan #india #travelling,17,1 year,"Mount Fuji(fujisan) the iconic mountain in japan     . people worship it in own way. eligant,divine people bkessed in fujis shadow.",2024-01-26 21:45:17.360508
/watch?v=6aO3cJFmwdI&pp=ygUHZnVqaXNhbg%3D%3D,/@AnneSMB,JapAnne life and adventure,MT.FUJI DRIVE FUJISAN HONGU SENGEN-TAISHA SHRINE|japAnne life and adventure,259,1 year,Mt fuji drive in mid autumn and winter#lateupload #mtfuji #fujisanhongusengentaishashrine#japan #mtfuji #fujisan #japanlife.,2024-01-26 21:45:17.363843
/watch?v=tlVOK85kEEs&pp=ygUHZnVqaXNhbg%3D%3D,/@cathyate,Cathy Ate,MT FUJI : Fujisan World Heritage Center | Kawaguchiko Yamanashi Prefecture Japan  å¯Œå£«å±±ã€€å±±æ¢¨çœŒ,901,3 years,The South Hall visually introduces visitors to Mount Fuji with movies and a 15 meter wide model of Mount Fuji made of washiÂ ...,2024-01-26 21:45:17.366110
/watch?v=tBYCw9CP5bg&pp=ygUHZnVqaXNhbg%3D%3D,/@tampatra2300,tam patra,Fujisan (Mt. Fuji),333,5 years,All rights reserved : Patra Kongsirimongkolchai Fb: https://www.facebook.com/tam.patra E-mail : tampatra@hotmail.com.,2024-01-26 21:45:17.367332
/watch?v=MUR2j0pOBVQ&pp=ygUHZnVqaXNhbg%3D%3D,/@hpzsportshd,Hpz sports HD,ğŸ”´2022 Fujisan Marathon | Livestream Â°LIVEÂ°,32,1 year,"LIVE STREAMING :: 2022 Fujisan Marathon at Kawaguchiko, Japan || To watch with full access, please click the link below.",2024-01-26 21:45:17.368534
/watch?v=VHsvXxIgDFk&pp=ygUHZnVqaXNhbg%3D%3D,/@CrazyFromKong,Crazy From Kong,Fujisan Original Cola - Crazy From Kong Review !!,982,8 years,Arne and Chris venture to Hung Hing Toys in Wan Chai (the same store that Nicholas Cage went shopping for toys in Hong Kong)Â ...,2024-01-26 21:45:17.369668
/watch?v=xjgrxtoh-YE&pp=ygUHZnVqaXNhbg%3D%3D,/@LoFiFatCat,LoFi Fat Cat,FujiSan ğŸŸ¢ [Japanese Lofi Beats Mix],5.5K,2 years,"Enjoy ""FujiSan"" Chilling Japanese Lofi Beats Mix by LoFi Fat Cat The best lofi & chillout music just for you! Thank you forÂ ...",2024-01-26 21:45:17.371529
/watch?v=TrKCiruydzw&pp=ygUHZnVqaXNhbg%3D%3D,/@outdoorjapan,outdoorjapan,Wild Family Fun at Fujisan,84,4 years,"July and August is peak climbing season for Mt. Fuji, and while Tokyo swelters it's nice and cool in the shadow of Fuji and on theÂ ...",2024-01-26 21:45:17.374434
/shorts/72Z_nEBCzJE,/@udborn,U D B O R N - World,Amazing Mount Fuji ğŸ‡¯ğŸ‡µ #japan #mountfuji #fujisan,309,1 year,"Japan's Mt. Fuji is an active volcano about 100 kilometers southwest of Tokyo. Commonly called â€œFuji-san,â€ it's the country's tallestÂ ...",2024-01-26 21:45:17.375841
/shorts/_VaWRajThEg,/@TheChillingJaguar,TheChillingJaguar,mç¥ç¤¾ Arakura Sengen Shrine ğŸ™ğŸ”ï¸ğŸ‡¯ğŸ‡µ Masterclass piece. #fuji #fujisan #fujiview #fujiyama #masterclass,551,1 year,Arakura Sengen Shrine picture. Vue sur le sublime mont Fuji. #fuji #fujisan #fujiview #fujiyama #masterclass.,2024-01-26 21:45:17.377110
